date,event_type,description_fr,sources
1964-03-31,document,Télégramme préparant un soutien naval et logistique aux forces anti-Goulart,S25
2025-07-30,decision,Décret américain visant le Brésil et désignation de Moraes,S09;S10
2025-12-12,decision,"Radiation OFAC de Moraes, de son épouse et de Lex",S11
2026-02-20,decision,Fin des droits additionnels IEEPA cités,S12
2026-04-20,annonce,Accord d’acquisition Serra Verde et financement / offtake annoncés,S21
2026-05-28,annonce,Annonce des désignations PCC / CV,S17
2026-06-05,entree_en_vigueur,Désignations FTO PCC / CV,S18
2026-07-20,publication,Avis final 25 % Section 301 Brésil,S13
2026-07-22,entree_en_vigueur,25 % sur les marchandises brésiliennes couvertes,S13
2026-07-24,entree_en_vigueur,"12,5 % travail forcé sur les marchandises couvertes",S15
2026-07-28,publication,Avis final travail forcé publié au Federal Register,S15
2026-08-24,annonce,Dispositif SPV et accord d’achat; livraisons prévues début T4,S22;S23
2026-09-03,realisation_annoncee,Rapprochement USAR / Serra Verde réalisé,S24
2026-09-04,publication,Communiqué de réalisation déposé à la SEC,S24
2026-09-28,document,Lettre des trois sénateurs; statistiques BCB d’août,S05;S20
2026-09-29,publication,Publication de la lettre sénatoriale,S05
2026-09-30,actualite,Enquête Guardian; alerte ABIN rapportée; réunion commerciale de Milwaukee,S02;S06;S27;S28
2026-10-01,acte,Signalement AGU à la suite de la révélation journalistique,S03;S04
2026-10-02,actualite,Suspension consulaire et déclaration de la police fédérale,S07;S08
2026-10-03,bouclage,Date d’arrêt du présent dossier,methode
2026-10-04,programme,Premier tour prévu,S01
2026-10-25,eventuel,Second tour éventuel prévu,S01
