year_from_commissioning,support_eur,incremental_operating_cash_eur,initial_conversion_outlay_eur,cumulative_cash_eur,scenario
0,0,0,3000000,-3000000,hypothetical_constant_prices_forced_electric_operation
1,2150400.0,555651.7006802718,0,-2444348.2993197283,hypothetical_constant_prices_forced_electric_operation
2,2150400.0,555651.7006802718,0,-1888696.5986394566,hypothetical_constant_prices_forced_electric_operation
3,2150400.0,555651.7006802718,0,-1333044.8979591848,hypothetical_constant_prices_forced_electric_operation
4,2150400.0,555651.7006802718,0,-777393.1972789130,hypothetical_constant_prices_forced_electric_operation
5,2150400.0,555651.7006802718,0,-221741.4965986412,hypothetical_constant_prices_forced_electric_operation
6,0,-1594748.2993197283,0,-1816489.7959183694,hypothetical_constant_prices_forced_electric_operation
7,0,-1594748.2993197283,0,-3411238.0952380979,hypothetical_constant_prices_forced_electric_operation
8,0,-1594748.2993197283,0,-5005986.3945578262,hypothetical_constant_prices_forced_electric_operation
9,0,-1594748.2993197283,0,-6600734.6938775545,hypothetical_constant_prices_forced_electric_operation
10,0,-1594748.2993197283,0,-8195482.9931972828,hypothetical_constant_prices_forced_electric_operation
