date,diesel_pre_tax_eurocent_per_litre,diesel_incl_tax_eurocent_per_litre,diesel_incl_tax_eur_per_litre,source,source_pages,status,geography
2026-07-03,94.50,186.30,1.8630,S02,5;6,observed_rounded,mainland_France_excluding_Corsica
2026-07-10,101.58,194.79,1.9479,S02,5;6,observed_rounded,mainland_France_excluding_Corsica
2026-07-17,111.45,206.64,2.0664,S02,5;6,observed_rounded,mainland_France_excluding_Corsica
2026-07-24,119.95,216.85,2.1685,S02,5;6,observed_rounded,mainland_France_excluding_Corsica
2026-07-31,123.90,221.58,2.2158,S02,5;6,observed_rounded,mainland_France_excluding_Corsica
2026-08-07,120.00,216.90,2.1690,S02,5;6,observed_rounded,mainland_France_excluding_Corsica
2026-08-14,122.53,219.93,2.1993,S02,5;6,observed_rounded,mainland_France_excluding_Corsica
2026-08-21,125.18,223.12,2.2312,S02,5;6,observed_rounded,mainland_France_excluding_Corsica
2026-08-28,123.30,220.85,2.2085,S02,5;6,observed_rounded,mainland_France_excluding_Corsica
2026-09-04,127.34,225.71,2.2571,S02,5;6,observed_rounded,mainland_France_excluding_Corsica
2026-09-11,130.15,229.07,2.2907,S02,5;6,observed_rounded,mainland_France_excluding_Corsica
2026-09-18,137.87,238.34,2.3834,S02,5;6,observed_rounded,mainland_France_excluding_Corsica
2026-09-25,136.80,237.06,2.3706,S02,5;6,observed_rounded,mainland_France_excluding_Corsica
