url,statut_gsc,derniere_exploration
https://l0g.fr/posts/asie-dollar-stress-test-trois-risques/,"Explorée, actuellement non indexée",2026-09-05
https://l0g.fr/en/guides/read-the-balance-of-payments/,"Explorée, actuellement non indexée",2026-09-05
https://l0g.fr/posts/chine-risque-dollar-bilan-reserves-banques/,"Explorée, actuellement non indexée",2026-09-05
https://l0g.fr/publications/epsteins-money-l0g.epub,"Explorée, actuellement non indexée",2026-09-05
https://l0g.fr/22/,"Explorée, actuellement non indexée",2026-09-05
https://l0g.fr/posts/asie-actifs-americains-treasuries-mbs-credit/,"Explorée, actuellement non indexée",2026-09-05
https://l0g.fr/en/analysis/how-much-is-one-centimetre-of-danube-worth/,"Explorée, actuellement non indexée",2026-09-05
https://l0g.fr/en/analysis/model-pump-price-of-adequacy/,"Explorée, actuellement non indexée",2026-09-05
https://l0g.fr/en/tools/e-invoicing-platform-cost/,"Explorée, actuellement non indexée",2026-09-05
https://l0g.fr/en/analysis/warsh-fed-without-guidance-uncertainty-cost-july-fomc/,"Explorée, actuellement non indexée",2026-09-05
https://l0g.fr/en/analysis/european-risk-national-fund-supervision/,"Explorée, actuellement non indexée",2026-09-05
https://debt.l0g.fr/latest.json,"Explorée, actuellement non indexée",2026-09-04
https://l0g.fr/posts/strip-clubs-annoncent-ils-recessions/,"Explorée, actuellement non indexée",2026-09-04
https://l0g.fr/en/glossary/ofac/,"Explorée, actuellement non indexée",2026-09-04
https://l0g.fr/posts/rechute-des-puces-bear-market-profits-records/,"Explorée, actuellement non indexée",2026-09-04
https://l0g.fr/en/analysis/wheat-between-hormuz-and-the-bosphorus/,"Explorée, actuellement non indexée",2026-09-04
https://l0g.fr/glossaire/eurosysteme/,"Explorée, actuellement non indexée",2026-09-02
https://pa.l0g.fr/api/corpus.json,"Explorée, actuellement non indexée",2026-09-02
https://pa.l0g.fr/questions/difference-facture-electronique-e-reporting/,"Explorée, actuellement non indexée",2026-09-01
https://l0g.fr/glossaire/ginnie-mae/,"Explorée, actuellement non indexée",2026-09-01
https://l0g.fr/en/analysis/your-identity-in-your-phone-6-your-identity-is-free-the-proof-may-be-billed/,"Explorée, actuellement non indexée",2026-08-31
https://l0g.fr/api/v1/history.csv,"Explorée, actuellement non indexée",2026-08-30
https://l0g.fr/posts/basis-trade-treasuries-levier/,"Explorée, actuellement non indexée",2026-08-30
https://l0g.fr/api/v1/signals/barometre-stress-macro-euro/history.csv,"Explorée, actuellement non indexée",2026-08-29
https://l0g.fr/api/v1/signals/history.csv,"Explorée, actuellement non indexée",2026-08-29
https://l0g.fr/api/v1/catalog.ndjson,"Explorée, actuellement non indexée",2026-08-27
https://l0g.fr/api/v1/integrity.json,"Explorée, actuellement non indexée",2026-08-27
https://l0g.fr/llms-full-en.txt,"Explorée, actuellement non indexée",2026-08-27
https://l0g.fr/outils/cout-plateforme-facturation-electronique/model.json,"Explorée, actuellement non indexée",2026-08-26
https://l0g.fr/outils/prix-centimetre-danube/model.json,"Explorée, actuellement non indexée",2026-08-26
https://l0g.fr/api/v1/changes.ndjson,"Explorée, actuellement non indexée",2026-08-25
https://l0g.fr/llms.txt,"Explorée, actuellement non indexée",2026-08-24
https://l0g.fr/hebdo/2026-08-23/linkedin.txt,"Explorée, actuellement non indexée",2026-08-23
https://l0g.fr/hebdo/2026-08-23/citation.txt,"Explorée, actuellement non indexée",2026-08-23
https://l0g.fr/hebdo/2026-08-23/thread-x.txt,"Explorée, actuellement non indexée",2026-08-23
https://l0g.fr/hebdo/2026-08-23/donnees.csv,"Explorée, actuellement non indexée",2026-08-23
https://l0g.fr/publications/euro-numerique-enquete-l0g.epub,"Explorée, actuellement non indexée",2026-08-23
https://l0g.fr/news-sitemap.xml,"Explorée, actuellement non indexée",2026-08-23
https://l0g.fr/api/v1/signals/barometre-stress-macro-us/history.csv,"Explorée, actuellement non indexée",2026-08-21
https://l0g.fr/api/v1/agent-bench.json,"Explorée, actuellement non indexée",2026-08-20
https://l0g.fr/api/v1/evidence-graph.json,"Explorée, actuellement non indexée",2026-08-20
https://l0g.fr/api/v1/signals/thermometre-fragilite-carry-yen/history.ndjson,"Explorée, actuellement non indexée",2026-08-20
https://l0g.fr/api/v1/signals/barometre-stress-macro-us/history.json,"Explorée, actuellement non indexée",2026-08-19
https://l0g.fr/api/v1/signals/barometre-stress-macro-us/history.ndjson,"Explorée, actuellement non indexée",2026-08-19
https://l0g.fr/api/v1/signals/indice-tension-energie/history.ndjson,"Explorée, actuellement non indexée",2026-08-15
https://l0g.fr/api/v1/signals/indice-tension-energie/history.csv,"Explorée, actuellement non indexée",2026-08-12
https://l0g.fr/.well-known/security.txt,"Explorée, actuellement non indexée",2026-08-11
https://l0g.fr/api/v1/signals/thermometre-stress-dette/history.csv,"Explorée, actuellement non indexée",2026-08-10
https://l0g.fr/posts/risque-inflationniste-2026/,"Explorée, actuellement non indexée",2026-08-10
https://l0g.fr/publications/l-argent-d-epstein-l0g.epub,"Explorée, actuellement non indexée",2026-08-10
https://l0g.fr/api/v1/toolset-manifest.json,"Explorée, actuellement non indexée",2026-08-07
https://l0g.fr/api/v1/signals/current.json,"Explorée, actuellement non indexée",2026-08-07
https://l0g.fr/api/mcp/usage,"Explorée, actuellement non indexée",2026-08-06
https://l0g.fr/api/v1/signals/indice-tension-energie/history.json,"Explorée, actuellement non indexée",2026-08-04
https://l0g.fr/api/v1/signals/history.ndjson,"Explorée, actuellement non indexée",2026-08-03
https://l0g.fr/api/v1/history.ndjson,"Explorée, actuellement non indexée",2026-08-02
https://l0g.fr/posts/credit-prive-juin-2026-defaut-record-gating/,"Explorée, actuellement non indexée",2026-08-02
https://l0g.fr/openapi.json,"Explorée, actuellement non indexée",2026-07-25
https://l0g.fr/7/,"Explorée, actuellement non indexée",2026-07-21
https://l0g.fr/api/v1/search-index.json,"Explorée, actuellement non indexée",2026-07-18
https://l0g.fr/api/v1/black-box.json,"Explorée, actuellement non indexée",2026-07-18
https://l0g.fr/api/v1/catalog.json,"Explorée, actuellement non indexée",2026-07-09
https://l0g.fr/api/v1/signals/schema.json,"Explorée, actuellement non indexée",2026-07-02
https://l0g.fr/agents.json,"Explorée, actuellement non indexée",2026-07-02
https://l0g.fr/api/v1/claims.ndjson,"Explorée, actuellement non indexée",2026-07-02
https://l0g.fr/risk-events.json,"Explorée, actuellement non indexée",2026-06-30
https://l0g.fr/confluence.json,"Explorée, actuellement non indexée",2026-06-30
https://l0g.fr/api/v1/history/index.json,"Explorée, actuellement non indexée",2026-06-25
https://l0g.fr/rss.xml,"Explorée, actuellement non indexée",2026-06-23
https://l0g.fr/api/v1/risk.json,"Explorée, actuellement non indexée",2026-06-22
https://l0g.fr/api/v1/risk.xml,"Explorée, actuellement non indexée",2026-06-20
https://crypto.l0g.fr/2026/04/10/la-petite-excursion-de-trump-qui-transforme-la-famine-en-arme-de-destruction-massive/feed/,"Explorée, actuellement non indexée",2026-06-14
https://crypto.l0g.fr/2026/05/17/la-guerre-diran-de-2026-anatomie-dun-seisme-economique-et-politique-mondial/feed/,"Explorée, actuellement non indexée",2026-06-13
https://crypto.l0g.fr/category/regulation/feed/,"Explorée, actuellement non indexée",2026-06-13
https://crypto.l0g.fr/comments/feed/,"Explorée, actuellement non indexée",2026-06-12
https://crypto.l0g.fr/2026/04/10/point-de-situation-sur-le-detroit-dormuz-avril-2026-le-art-of-the-deal-de-trump-qui-a-failli-transformer-le-golfe-en-barbecue-nucleaire/feed/,"Explorée, actuellement non indexée",2026-06-12
https://crypto.l0g.fr/2026/04/10/linflation-us-fait-son-grand-come-back-bravo-les-experts-on-applaudit-bien-fort/feed/,"Explorée, actuellement non indexée",2026-06-12
https://crypto.l0g.fr/2026/04/10/liran-et-ses-peages-dormuz-en-usdt-sur-tron-masterclass-de-contournement-ofac-ou-comment-lirgc-se-fait-payer-en-dollars-sans-que-loncle-sam-puisse-touch/feed/,"Explorée, actuellement non indexée",2026-06-12
https://crypto.l0g.fr/2026/04/10/le-private-credit-en-2026-le-nouveau-roi-du-shadow-banking-qui-commence-a-tousser-et-a-begayer-sur-les-retraits/feed/,"Explorée, actuellement non indexée",2026-06-12
https://crypto.l0g.fr/category/geopolitique/feed/,"Explorée, actuellement non indexée",2026-06-12
https://crypto.l0g.fr/actualites-macro/,"Explorée, actuellement non indexée",2026-06-12
https://crypto.l0g.fr/category/finance/feed/,"Explorée, actuellement non indexée",2026-06-12
https://crypto.l0g.fr/category/macroeconomie/feed/,"Explorée, actuellement non indexée",2026-06-11
https://crypto.l0g.fr/2026/04/10/point-de-situation-sur-le-detroit-dormuz-avril-2026-le-art-of-the-deal-de-trump-qui-a-failli-transformer-le-golfe-en-barbecue-nucleaire/,"Explorée, actuellement non indexée",2026-05-05
