price_index,billed_hours_index,revenue,cfads,dscr
100,100,50.0,32.0,1.7329310945867205
95,100,47.5,29.5,1.597545852822133
90,100,45.0,27.0,1.4621606110575454
85,100,42.5,24.5,1.3267753692929578
80,100,40.0,22.0,1.1913901275283703
75,100,37.5,19.5,1.0560048857637827
70,100,35.0,17.0,0.9206196439991952
65,100,32.5,14.5,0.7852344022346077
60,100,30.0,12.0,0.6498491604700202
100,95,47.5,29.5,1.597545852822133
95,95,45.125,27.125,1.4689298731457747
90,95,42.75,24.75,1.3403138934694165
85,95,40.375,22.375,1.2116979137930584
80,95,38.0,20.0,1.0830819341167002
75,95,35.625,17.625,0.9544659544403421
70,95,33.25,15.25,0.8258499747639839
65,95,30.875,12.875,0.6972339950876257
60,95,28.5,10.5,0.5686180154112677
100,90,45.0,27.0,1.4621606110575454
95,90,42.75,24.75,1.3403138934694165
90,90,40.5,22.5,1.2184671758812877
85,90,38.25,20.25,1.096620458293159
80,90,36.0,18.0,0.9747737407050302
75,90,33.75,15.75,0.8529270231169014
70,90,31.5,13.5,0.7310803055287727
65,90,29.25,11.25,0.6092335879406439
60,90,27.0,9.0,0.4873868703525151
100,85,42.5,24.5,1.3267753692929578
95,85,40.375,22.375,1.2116979137930584
90,85,38.25,20.25,1.096620458293159
85,85,36.125,18.125,0.9815430027932596
80,85,34.0,16.0,0.8664655472933602
75,85,31.875,13.875,0.7513880917934608
70,85,29.75,11.75,0.6363106362935614
65,85,27.625,9.625,0.521233180793662
60,85,25.5,7.5,0.4061557252937626
100,80,40.0,22.0,1.1913901275283703
95,80,38.0,20.0,1.0830819341167002
90,80,36.0,18.0,0.9747737407050302
85,80,34.0,16.0,0.8664655472933602
80,80,32.0,14.0,0.7581573538816901
75,80,30.0,12.0,0.6498491604700202
70,80,28.0,10.0,0.5415409670583501
65,80,26.0,8.0,0.4332327736466801
60,80,24.0,6.0,0.3249245802350101
100,75,37.5,19.5,1.0560048857637827
95,75,35.625,17.625,0.9544659544403421
90,75,33.75,15.75,0.8529270231169014
85,75,31.875,13.875,0.7513880917934608
80,75,30.0,12.0,0.6498491604700202
75,75,28.125,10.125,0.5483102291465795
70,75,26.25,8.25,0.44677129782313885
65,75,24.375,6.375,0.3452323664996982
60,75,22.5,4.5,0.24369343517625755
100,70,35.0,17.0,0.9206196439991952
95,70,33.25,15.25,0.8258499747639839
90,70,31.5,13.5,0.7310803055287727
85,70,29.75,11.75,0.6363106362935614
80,70,28.0,10.0,0.5415409670583501
75,70,26.25,8.25,0.44677129782313885
70,70,24.5,6.5,0.35200162858792755
65,70,22.75,4.75,0.2572319593527163
60,70,21.0,3.0,0.16246229011750504
100,65,32.5,14.5,0.7852344022346077
95,65,30.875,12.875,0.6972339950876257
90,65,29.25,11.25,0.6092335879406439
85,65,27.625,9.625,0.521233180793662
80,65,26.0,8.0,0.4332327736466801
75,65,24.375,6.375,0.3452323664996982
70,65,22.75,4.75,0.2572319593527163
65,65,21.125,3.125,0.1692315522057344
60,65,19.5,1.5,0.08123114505875252
100,60,30.0,12.0,0.6498491604700202
95,60,28.5,10.5,0.5686180154112677
90,60,27.0,9.0,0.4873868703525151
85,60,25.5,7.5,0.4061557252937626
80,60,24.0,6.0,0.3249245802350101
75,60,22.5,4.5,0.24369343517625755
70,60,21.0,3.0,0.16246229011750504
65,60,19.5,1.5,0.08123114505875252
60,60,18.0,0.0,0.0
